{
   "READ_PRECALL_URL":"https://dds-doc-read-t.snam.it/precall",
   "WRITE_PRECALL_URL":"https://dds-doc-write-t.snam.it/precall",
   "grant_type":"client_credentials",
   "OS": "DMSMIS",
   "client_id":"1550tdmi",
   "client_secret":"4eb4ca2b54bfc5fa7f7c539afe950637",
   "user":"DDSAdmin",
   "access_token": "eyJhbGciOiJIUzI1NiJ9.eyJzdWIiOiJTVVBFUlVTRVIiLCJjb21wYW55SUQiOiIiLCJjb2dub21lIjoiIiwibm9tZSI6IiIsImV4cCI6MTczMDAzOTk0NywidXNlcklEIjoiU1VQRVJVU0VSIiwiaWF0IjoxNjM1NDMxOTQ3fQ.jpoCzyaoJA0tZvxd57kKxUc4qmxyrP1PX2VI4e4wG14",
   "DMS_URL":"http://summer-gs-services.snam.it/dms-misura-service"
}
