{
   "READ_PRECALL_URL":"https://dds-doc-read-q.snam.it/precall",
   "WRITE_PRECALL_URL":"https://dds-doc-write-q.snam.it/precall",
   "grant_type":"client_credentials",
   "OS": "DMSMIS",
   "client_id":"1550qdmi",
   "client_secret":"05e493ef4d3646e3ee1632f745681031",
   "user":"DMSMISAdmin",
   "access_token": "eyJhbGciOiJIUzI1NiJ9.eyJzdWIiOiJTVVBFUlVTRVIiLCJjb21wYW55SUQiOiIiLCJjb2dub21lIjoiIiwibm9tZSI6IiIsImV4cCI6MTczMDAzOTk0NywidXNlcklEIjoiU1VQRVJVU0VSIiwiaWF0IjoxNjM1NDMxOTQ3fQ.jpoCzyaoJA0tZvxd57kKxUc4qmxyrP1PX2VI4e4wG14",
   "DMS_URL":"https://summer-gc-services.snam.it/dms-misura-service"
}
