{
    "subfolders": {
        "ACCUGC": "/LABO/ACCUGC",
        "AGENDA": "/DMSMisura/AGENDA",
        "AGPE": "/VERB/AGPE",
        "ALTR": "/OLDOC/OLD_ALTR",
        "ALTRO": "/ALTRO/ALTRO",
        "ANAGAS": "/LABO/ANAGAS",
        "ANOT":"/ALTRO/ANOT",
        "APIM": "/APIM/APIM",
        "APIM-CF": "/APIM/APIM-CF",
        "APIM-DC": "/APIM/APIM-DC",
        "APIM-DP": "/APIM/APIM-DP",
        "APIM-EP": "/APIM/APIM-EP",
        "APIM-PV": "/APIM/APIM-PV",
        "APIM-SC": "/APIM/APIM-SC",
        "APIM-VI": "/APIM/APIM-VI",
        "APIM-XX": "/APIM/APIM-XX",
        "APRI": "/APRI/APRI",
        "APRI-CF": "/APRI/APRI-CF",
        "APRI-DC": "/APRI/APRI-DC",
        "APRI-DP": "/APRI/APRI-DP",
        "APRI-EP": "/APRI/APRI-EP",
        "APRI-LP" : "/APRI/APRI-XX",
        "APRI-PV": "/APRI/APRI-PV",
        "APRI-SC": "/APRI/APRI-SC",
        "APRI-VI": "/APRI/APRI-VI",
        "APRI-XX": "/APRI/APRI-XX",
        "ATTO":"/ALTRO/ATTO",
        "AVADA": "/AVAR/AVADA",
        "AVAR": "/AVAR/AVAR",
        "AttestatoConformita": "/AttestatoConformita/AttestatoConformita",
        "BENE": "/BENE/BENE",
        "BENE-CPIS": "/BENE/BENE",
        "BENE-DA": "/BENE/BENE",
        "BENE-DD": "/BENE/BENE",
        "BENE-RR": "/BENE/BENE",
        "BENE-XX": "/BENE/BENE",
        "CEDD": "/COMM/CEDD",
        "CEDI": "/VERB/CEDI",
        "CERTMI": "/LABO/CERTMI",
        "CERTSTRU": "/LABO/CERTSTRU",
        "CESTINO": "/ALTRO/CESTINO",
        "CFOR": "/COMM/CFOR",
        "COAIP":"/ALTRO/COAIP",
        "COAR": "/COMM/COAR",
        "COCO": "/COMM/COCO",
        "COCP": "/COMM/COCP",
        "COCQ": "/COMM/COCQ",
        "COCS": "/COMM/COCS",
        "CODELE":"/ALTRO/CODELE",
        "CODQ": "/COMM/CODQ",
        "COGC": "/COMM/COGC",
        "COISRS": "/COMM/COISRS",
        "COLE": "/COMM/COLE",
        "COLLABORATION": "/DMSMisura/COLLABORATION",
        "COMM": "/COMM/COMM",
        "COMORG": "/COMM/COMORG",
        "CONF": "/COMM/CONF",
        "CONG": "/M3/CONG",
        "CONT": "/ALTRO/CONT",
        "CORACO": "/COMM/CORACO",
        "COSC": "/COMM/COSC",
        "COSH": "/COMM/COSH",
        "COSS": "/COMM/COSS",
        "COST": "/VERB/COST",
        "COTA": "/COMM/COTA",
        "COTL": "/COMM/COTL",
        "COUM": "/COMM/COUM",
        "COVA": "/COMM/COVA",
        "CPIS": "/ALTRO/CPIS",
        "DIPM": "/OLDOC/OLD_DIPM",
        "DIVIETO": "/AVAR/DIVIETO",
        "DOCSIC":"/ALTRO/DOCSIC",
        "DOCVF":"/ALTRO/DOCVF",
        "DocumentoCorrelato":"/DocumentoCorrelato/DocumentoCorrelato",
        "FECH": "/VERB/FECH",
        "FEEE": "/VERB/FEEE",
        "FETA": "/VERB/FETA",
        "FFAN": "/VERB/FFAN",
        "FFEE": "/VERB/FFEE",
        "FFET": "/VERB/FFET",
        "FFGU": "/VERB/FFGU",
        "FFME": "/VERB/FFME",
        "FFNE1": "/VERB/FFNE1",
        "FFNE2": "/VERB/FFNE2",
        "FFNE3": "/VERB/FFNE3",
        "FFNE4": "/VERB/FFNE4",
        "FFPR": "/VERB/FFPR",
        "FFRC": "/OLDOC/OLD_FFRC",
        "FOTO1": "/FOTO/FOTO1",
        "FOTO2": "/FOTO/FOTO2",
        "FOTO3": "/FOTO/FOTO3",
        "FOTO4": "/FOTO/FOTO4",
        "FOTO5": "/FOTO/FOTO5",
        "FOTO6": "/FOTO/FOTO6",
        "FOTO7": "/FOTO/FOTO7",
        "FOTO8": "/FOTO/FOTO8",
        "FOTO9": "/FOTO/FOTO9",
        "FREE": "/VERB/FREE",
        "FRGU": "/VERB/FRGU",
        "FRTA": "/VERB/FRTA",
        "FTCH": "/VERB/FTCH",
        "FTEE": "/VERB/FTEE",
        "FTGU": "/VERB/FTGU",
        "FTTA": "/VERB/FTTA",
        "FUMI": "/LABO/FUMI",
        "GASINT": "/LABO/GASINT",
        "GECR": "/OLDOC/OLD_GECR",
        "INTE":"/INTE/INTE",
        "ISRS": "/ISRS/ISRS",
        "LABORATORI": "/DMSMisura/LABORATORI",
        "LRSTD": "/LRSTD/LRSTD",
        "M3":"/M3/M3",
        "M3CO": "/M3/M3CO",
        "M3FO": "/M3/M3FO",
        "M3RI": "/M3/M3RI",
        "M3TA": "/M3/M3TA",
        "MANUPROC": "/LABO/MANUPROC",
        "METD":"/ALTRO/METD",
        "METRO": "/METRO/METRO",
        "MOCO": "/MODIMP/MOCO",
        "MODI": "/MODIMP/MODI",
        "MODIMP": "/MODIMP/MODIMP",
        "MOGE": "/MODIMP/MOGE",
        "MOMI": "/MODIMP/MOMI",
        "MOMI-DC" : "/MODIMP/MOMI",
        "MOMI-DM" : "/MODIMP/MOMI",
        "MOMI-EP" : "/MODIMP/MOMI",
        "MOMI-LP" : "/MODIMP/MOMI",
        "MOMI-PV" : "/MODIMP/MOMI",
        "MOMI-SC" : "/MODIMP/MOMI",
        "MOPM": "/MODIMP/MOPM",
        "MORG": "/MODIMP/MORG",
        "NEWS": "/DMSMisura/NEWS",
        "ODLREAL":"/ALTRO/ODLREAL",
        "ODOR": "/LABO/ODOR",
        "OLDOC":"/OLDOC/OLDOC",
        "OLD_VERB": "/OLDOC/OLD_VERB",
        "ORAL": "/OLDOC/OLD_ORAL",
        "ORDI": "/ALTRO/ORDI",
        "PCON": "/OLDOC/OLD_PCON",
        "PELA": "/VERB/PELA",
        "PLANSERV":"/ALTRO/PLANSERV",
        "PREC": "/PREC/PREC",
        "PRELF":"/ALTRO/PRELF",
        "PRELV":"/ALTRO/PRELV",
        "QUALITALASVIL": "/DMSMisura/QUALITALASVIL",
        "QUALITAMISURA": "/DMSMisura/QUALITAMISURA",
        "RACE": "/ALTRO/RACE",
        "RACO": "/RACO/RACO",
        "RELTEC":"/ALTRO/RELTEC",
        "RIPRISTINO": "/AVAR/RIPRISTINO",
        "RISCHI": "/ISRS/RISCHI",
        "RMCB": "/VERBNM/RMCB",
        "RMCC": "/VERBNM/RMCC",
        "RMCH": "/VERBNM/RMCH",
        "RMCP": "/VERBNM/RMCP",
        "RMEE": "/VERBNM/RMEE",
        "RMFP": "/VERBNM/RMFP",
        "RMIP": "/VERBNM/RMIP",
        "RMLS": "/VERBNM/RMLS",
        "RMPR": "/VERBNM/RMPR",
        "RMTA": "/VERBNM/RMTA",
        "Risposte": "/LRSTD/Risposte",
        "SALDAT":"/ALTRO/SALDAT",
        "SCHEAPP":"/ALTRO/SCHEAPP",
        "SDIVE": "/VERB/SDIVE",
        "SDIVO": "/VERB/SDIVO",
        "SEGRETERIA": "/DMSMisura/SEGRETERIA",
        "SPEC": "/ALTRO/SPEC",
        "TEMA": "/MODIMP/TEMA",
        "TLGU": "/VERB/TLGU",
        "TREE": "/VERB/TREE",
        "TRTA": "/VERB/TRTA",
        "UPMR": "/METRO/UPMR",
        "UTIF": "/ALTRO/UTIF",
        "VAPM":"/VAPM/VAPM",
        "VARI": "/ALTRO/VARI",
        "VCPO": "/METRO/VCPO",
        "VCVA": "/OLDOC/OLD_VCVA",
        "VDM": "/VDM/VDM",
        "VEIM": "/OLDOC/OLD_VEIM",
        "VEMA": "/COMM/VEMA",
        "VERB":"/VERB/VERB",
        "VERBNM": "/VERBNM/VERBNM",
        "VERI": "/VERB/VERI",
        "VICO": "/VICO/VICO",
        "VINT": "/VERB/VINT",
        "VMPE": "/METRO/VMPE",
        "VMPL": "/METRO/VMPL",
        "VMPR": "/METRO/VMPR",
        "VUPM": "/METRO/VUPM",
        "VVDM": "/ALTRO/VVDM",
        "LIBE": "/LIBE/LIBE"
    },

    "non_migrare": [
        "DMSMisuraDoc",
        "ManualeProcedura",
        "Raccomandazioni",
        "SchedaCarburante",
        "AccordiServizio",
        "AuditLasvil",
        "DocumentoCorrelato",
        "ElenchiDocumentazioneRegistrazioniSGQ",
        "ProcedureSGQMisura",
        "RapportiAudInt"
    ],

    "tdoc2lvl" : {
        "CertificatoAccuratezzaGC": "ACCUGC",
		"CertificatiTaraturaMiscele": "CERTMI",
        "FORFAIT": "M3FO",
        "CertificatiTaraturaStrumentazione": "CERTSTRU",
        "ACQR": "ALTRO",
        "AudExt":"CESTINO",
        "FOTO":"CESTINO",
        "IMPEXP":"CESTINO",
        "OLDOC":"CESTINO",
        "VETE":"CESTINO",
        "RapportiProvaAnalisiLaboratorio": "CESTINO",
        "APRI-LP": "APRI-XX",
		"BENE-CPIS": "BENE",
        "BENE-DA": "BENE",
        "BENE-DD": "BENE",
        "BENE-RR": "BENE",
        "BENE-XX": "BENE",
        "MOMI-DC" : "MOMI",
        "MOMI-DM" : "MOMI",
        "MOMI-EP" : "MOMI",
        "MOMI-LP" : "MOMI",
        "MOMI-PV" : "MOMI",
        "MOMI-SC" : "MOMI"
    }

}